,City,Country,Lat,Lng,Max Temp,Humidity,Cloudiness,Wind Speed,Description
0,Aginskoye,RU,51.1,114.53,21.6,84,91,1.45,overcast clouds
1,Kutum,SD,14.2,24.6667,48.85,41,64,6.24,broken clouds
2,Valdivia,CL,-39.8142,-73.2459,46.49,81,0,1.74,clear sky
3,Smoky Lake,CA,54.1169,-112.4686,20.12,93,100,1.14,overcast clouds
4,Butaritari,KI,3.0707,172.7902,81.27,74,16,12.75,few clouds
5,Vale Da Amoreira,PT,39.0697,-7.6985,52.88,93,100,4.47,overcast clouds
6,Balad,IQ,34.0164,44.1453,45.55,54,0,8.79,clear sky
7,Ushuaia,AR,-54.8,-68.3,49.66,81,0,16.11,clear sky
8,Jamestown,US,42.097,-79.2353,32.02,72,75,5.75,mist
9,Tselina,RU,46.5338,41.0328,11.73,83,90,24.2,overcast clouds
10,Tomohon,ID,1.3346,124.8392,77.94,79,100,6.13,overcast clouds
11,Jalu,LY,29.0331,21.5482,57.27,71,43,10.51,scattered clouds
12,Rikitea,PF,-23.1203,-134.9692,78.75,77,75,15.82,light rain
13,Los Llanos De Aridane,ES,28.6585,-17.9182,60.55,79,100,10.0,overcast clouds
14,Lagoa,PT,39.05,-27.9833,58.15,65,13,13.31,few clouds
15,Itarema,BR,-2.9248,-39.9167,77.22,80,44,8.7,scattered clouds
16,Kapaa,US,22.0752,-159.319,78.78,80,75,7.0,broken clouds
17,Moerai,PF,-22.4333,-151.3333,76.68,79,99,11.97,overcast clouds
18,Faanui,PF,-16.4833,-151.75,80.65,72,100,14.36,light rain
19,Barrow,US,71.2906,-156.7887,-14.78,84,0,18.41,clear sky
20,Grand Gaube,MU,-20.0064,57.6608,80.38,71,11,7.0,light rain
21,Dikson,RU,73.5069,80.5464,-29.83,98,59,5.12,broken clouds
22,Hobart,AU,-42.8794,147.3294,84.27,55,20,13.8,few clouds
23,Vaini,TO,-21.2,-175.2,87.96,79,75,6.91,broken clouds
24,Klaksvik,FO,62.2266,-6.589,41.92,96,100,27.81,moderate rain
25,Severnoye,RU,56.3491,78.3619,-28.25,97,25,4.47,scattered clouds
26,Charters Towers,AU,-20.1,146.2667,84.2,48,100,7.99,overcast clouds
27,Hithadhoo,MV,-0.6,73.0833,81.5,76,67,12.59,broken clouds
28,Punta Arenas,CL,-53.15,-70.9167,48.31,87,0,2.3,clear sky
29,Ilulissat,GL,69.2167,-51.1,-14.53,98,99,5.28,overcast clouds
30,Bredasdorp,ZA,-34.5322,20.0403,66.31,76,60,3.47,broken clouds
31,Avarua,CK,-21.2078,-159.775,78.85,94,100,6.91,light rain
32,Aklavik,CA,68.2191,-135.0107,-23.06,99,100,1.83,overcast clouds
33,Hovd,MN,48.0056,91.6419,24.85,57,12,5.68,few clouds
34,Norman Wells,CA,65.282,-126.8329,1.44,92,100,2.3,light snow
35,Clyde River,CA,70.4692,-68.5914,-23.57,69,0,2.3,clear sky
36,Ahuimanu,US,21.4447,-157.8378,80.31,73,20,9.22,few clouds
37,Hermanus,ZA,-34.4187,19.2345,67.8,78,53,5.17,broken clouds
38,Vylok,UA,48.1092,22.8387,45.03,88,96,6.46,overcast clouds
39,Fairbanks,US,64.8378,-147.7164,8.6,75,0,9.22,clear sky
40,Sorland,NO,67.667,12.6934,40.86,76,100,18.61,overcast clouds
41,Luderitz,NA,-26.6481,15.1594,65.68,73,100,7.25,overcast clouds
42,Leh,IN,34.1667,77.5833,21.27,67,99,6.2,overcast clouds
43,Albany,US,42.6001,-73.9662,25.74,72,95,1.01,overcast clouds
44,Dingle,PH,10.9995,122.6711,74.53,91,100,11.88,overcast clouds
45,Carnarvon,AU,-24.8667,113.6333,82.26,47,0,16.13,clear sky
46,Barra,BR,-11.0894,-43.1417,75.54,70,69,3.13,broken clouds
47,New Norfolk,AU,-42.7826,147.0587,83.91,23,45,3.0,scattered clouds
48,Kontagora,NG,10.3999,5.4695,66.6,28,70,7.14,broken clouds
49,Vila Franca Do Campo,PT,37.7167,-25.4333,55.81,81,68,5.75,broken clouds
50,Maragogi,BR,-9.0122,-35.2225,76.32,84,21,6.85,few clouds
51,Ampanihy,MG,-24.7,44.75,78.31,76,0,2.3,clear sky
52,Bluff,NZ,-46.6,168.3333,56.32,69,19,9.13,few clouds
53,Kudahuvadhoo,MV,2.6708,72.8944,81.16,71,71,14.0,broken clouds
54,Pangnirtung,CA,66.1451,-65.7125,-25.44,84,4,3.96,clear sky
55,Talnakh,RU,69.4865,88.3972,-21.98,98,100,6.46,overcast clouds
56,Yellowknife,CA,62.456,-114.3525,-10.23,99,46,4.83,scattered clouds
57,Bolu,TR,40.6667,31.5833,39.51,82,100,6.42,overcast clouds
58,Birjand,IR,32.8663,59.2211,27.07,68,20,6.91,few clouds
59,Immokalee,US,26.4187,-81.4173,57.9,91,0,0.0,mist
60,Tepu,RO,45.9667,27.3667,40.19,82,100,15.48,light rain
61,Taunggyi,MM,20.7833,97.0333,70.47,26,0,4.32,clear sky
62,Valenca,BR,-13.3703,-39.0731,72.07,97,68,1.45,broken clouds
63,Sitka,US,57.0531,-135.33,39.09,87,100,5.75,moderate rain
64,Qaanaaq,GL,77.484,-69.3632,-14.37,98,100,5.66,overcast clouds
65,Geraldton,AU,-28.7667,114.6,79.21,50,0,16.11,clear sky
66,Amapa,BR,1.0,-52.0,70.97,99,100,1.48,overcast clouds
67,Nikolskoye,RU,59.7035,30.7861,28.29,90,100,11.79,overcast clouds
68,Praia Da Vitoria,PT,38.7333,-27.0667,57.76,100,40,11.25,scattered clouds
69,Upernavik,GL,72.7868,-56.1549,-23.48,98,60,6.76,broken clouds
70,La Mana,EC,-0.9333,-79.2167,72.19,89,99,1.74,light rain
71,Karratha,AU,-20.7377,116.8463,96.48,35,0,13.69,clear sky
72,Minot,US,48.2325,-101.2963,20.01,86,75,14.97,broken clouds
73,Nome,US,64.5011,-165.4064,12.27,92,100,8.05,light snow
74,Mataura,NZ,-46.1927,168.8643,63.43,46,38,7.16,scattered clouds
75,Laguna,US,38.421,-121.4238,50.76,89,75,12.66,broken clouds
76,Wundanyi,KE,-3.4019,38.364,63.7,78,76,1.72,broken clouds
77,Oga,IT,46.4631,10.347,27.28,73,30,2.53,scattered clouds
78,Bambous Virieux,MU,-20.3428,57.7575,80.22,78,75,3.44,light rain
79,San Quintin,MX,30.4833,-115.95,59.94,91,33,6.69,scattered clouds
80,Souillac,MU,-20.5167,57.5167,79.18,78,75,3.44,broken clouds
81,East London,ZA,-33.0153,27.9116,72.54,94,100,3.44,fog
82,Ketchikan,US,55.3422,-131.6461,43.27,87,100,6.91,light rain
83,Nautla,MX,20.2167,-96.7833,71.33,88,26,7.96,scattered clouds
84,Sampit,ID,-2.5333,112.95,89.85,54,85,3.53,light rain
85,Lieksa,FI,63.3167,30.0167,33.49,98,100,15.88,light snow
86,Elko,US,41.0002,-115.5012,31.05,91,100,3.98,overcast clouds
87,Hilo,US,19.7297,-155.09,76.28,80,75,6.91,broken clouds
88,Ayagoz,KZ,47.9714,80.4392,-16.47,96,38,6.67,scattered clouds
89,Saint George,US,37.1041,-113.5841,48.25,66,75,8.99,broken clouds
90,Blairmore,CA,49.6,-114.4353,26.47,86,64,0.0,broken clouds
91,Namibe,AO,-15.1961,12.1522,70.02,77,94,6.31,overcast clouds
92,Ancud,CL,-41.8697,-73.8203,47.55,79,3,4.76,clear sky
93,Saint Anthony,US,45.0205,-93.218,30.13,91,100,4.61,mist
94,Gisborne,NZ,-38.6533,178.0042,74.07,68,49,4.68,scattered clouds
95,Joacaba,BR,-27.1781,-51.5047,61.63,98,71,2.82,broken clouds
96,Ardmore,US,34.1743,-97.1436,65.46,34,0,6.91,clear sky
97,Atuona,PF,-9.8,-139.0333,78.49,74,12,13.33,few clouds
98,Polson,US,47.6936,-114.1632,28.49,63,96,3.0,overcast clouds
99,Airai,TL,-8.9266,125.4092,69.55,77,85,2.48,overcast clouds
100,Arraial Do Cabo,BR,-22.9661,-42.0278,73.99,94,96,12.77,overcast clouds
101,Mulchen,CL,-37.7167,-72.2333,49.17,70,0,7.87,clear sky
102,Cauquenes,CL,-35.9671,-72.3225,55.09,45,0,7.34,clear sky
103,Kodiak,US,57.79,-152.4072,31.51,93,100,3.44,overcast clouds
104,Severo-Kurilsk,RU,50.6789,156.125,20.7,68,73,24.34,broken clouds
105,Port Lincoln,AU,-34.7333,135.8667,77.43,45,12,11.43,few clouds
106,Jorasti,RO,45.9833,27.8667,39.04,80,100,16.75,overcast clouds
107,Dicabisagan,PH,17.0818,122.4157,75.6,82,100,8.63,overcast clouds
108,Moanda,GA,-1.5575,13.2178,69.26,89,85,2.35,overcast clouds
109,Tuktoyaktuk,CA,69.4541,-133.0374,-32.8,75,75,0.0,broken clouds
110,Kasungu,MW,-13.0333,33.4833,67.06,91,98,2.93,overcast clouds
111,Jibuti,DJ,11.5,42.5,68.68,73,3,8.21,clear sky
112,Tuatapere,NZ,-46.1333,167.6833,59.29,63,3,8.66,clear sky
113,Zhigansk,RU,66.7697,123.3711,-25.26,97,100,7.58,overcast clouds
114,Solnechnyy,RU,50.7214,136.6319,8.1,90,58,4.68,broken clouds
115,Puerto Ayora,EC,-0.7393,-90.3518,70.56,91,19,1.99,few clouds
116,Busselton,AU,-33.65,115.3333,78.08,43,0,15.21,clear sky
117,Hami,CN,42.8,93.45,31.77,38,49,4.18,scattered clouds
118,Asau,RO,46.4333,26.4,36.52,98,100,6.08,overcast clouds
119,Shelburne,CA,44.0787,-80.2041,25.59,92,47,6.06,scattered clouds
120,Hilton Head Island,US,32.2163,-80.7526,48.97,89,0,0.0,clear sky
121,Maltahohe,NA,-24.8333,16.9833,77.94,25,93,6.06,overcast clouds
122,Saskylakh,RU,71.9167,114.0833,-52.6,100,91,2.8,overcast clouds
123,Lompoc,US,34.6391,-120.4579,52.52,93,20,3.44,few clouds
124,Talaya,RU,61.3833,152.75,-30.64,94,100,0.74,overcast clouds
125,Bathsheba,BB,13.2167,-59.5167,79.41,78,75,13.8,broken clouds
126,Lebu,CL,-37.6167,-73.65,54.0,74,0,19.3,clear sky
127,Thompson,CA,55.7435,-97.8558,6.96,92,75,4.61,light snow
128,Somerset,US,40.5668,-74.5496,40.1,77,100,0.0,overcast clouds
129,Nantucket,US,41.2835,-70.0995,38.14,69,100,9.22,overcast clouds
130,Altay,CN,47.8667,88.1167,11.35,85,100,4.0,overcast clouds
131,Krasnovishersk,RU,60.4078,57.082,-14.57,95,55,6.78,broken clouds
132,Goderich,CA,43.7501,-81.7165,32.32,86,74,12.66,broken clouds
133,Deputatskiy,RU,69.3,139.9,-47.56,99,46,1.66,scattered clouds
134,Erenhot,CN,43.6475,111.9767,33.58,43,100,6.26,overcast clouds
135,Torbay,CA,47.6666,-52.7314,25.57,89,75,4.61,light shower snow
136,Poum,NC,-20.2333,164.0167,79.23,62,94,12.75,overcast clouds
137,Olafsvik,IS,64.8945,-23.7142,33.67,79,100,24.45,overcast clouds
138,Ribeira Grande,PT,38.5167,-28.7,59.77,67,23,14.0,few clouds
139,Banda Aceh,ID,5.5577,95.3222,81.75,65,99,3.96,overcast clouds
140,Sohag,EG,26.557,31.6948,51.42,57,0,1.99,clear sky
141,Taoudenni,ML,22.6783,-3.9836,61.68,14,100,11.25,overcast clouds
142,Georgetown,MY,5.4112,100.3354,89.53,74,20,3.44,few clouds
143,Staraya Toropa,RU,56.2801,31.6702,17.8,93,100,11.01,snow
144,Tarija,BO,-21.5355,-64.7296,61.77,82,70,4.16,broken clouds
145,Masuguru,TZ,-11.3667,38.4167,74.93,89,87,3.83,light rain
146,Birin,NP,26.8865,88.0718,58.17,31,0,5.55,clear sky
147,Yarada,IN,17.65,83.2667,77.32,57,0,6.91,haze
148,Cidreira,BR,-30.1811,-50.2056,71.56,93,82,11.48,broken clouds
149,Kavieng,PG,-2.5744,150.7967,83.5,72,91,4.16,overcast clouds
150,Camacha,PT,33.0833,-16.3333,60.22,82,75,2.3,broken clouds
151,Valleyview,CA,55.0667,-117.2859,17.64,86,100,2.3,overcast clouds
152,Port Elizabeth,ZA,-33.918,25.5701,73.31,89,75,5.75,broken clouds
153,Grimshaw,CA,56.1834,-117.6027,15.42,92,100,4.61,light snow
154,Samal,PH,7.0744,125.7083,84.27,74,75,6.91,broken clouds
155,Gaoua,BF,10.2992,-3.2508,68.74,25,7,4.52,clear sky
156,Nago,JP,26.5881,127.9761,73.83,62,62,13.82,broken clouds
157,Cape Town,ZA,-33.9258,18.4232,68.38,77,0,3.44,clear sky
158,Ercis,TR,39.0287,43.3586,20.3,49,7,4.99,clear sky
159,Port Alfred,ZA,-33.5906,26.891,71.19,96,24,2.19,few clouds
160,Kushmurun,KZ,52.4503,64.6311,-1.95,91,99,7.31,overcast clouds
161,Miri,MY,4.4148,114.0089,86.14,74,40,5.75,scattered clouds
162,Lorengau,PG,-2.0226,147.2712,82.71,77,100,6.76,overcast clouds
163,Mahebourg,MU,-20.4081,57.7,81.25,78,75,3.44,light rain
164,Victoria,HK,22.2855,114.1577,68.05,88,100,4.0,overcast clouds
165,Chapleau,CA,47.8405,-83.4034,11.25,89,100,6.22,overcast clouds
166,Alofi,NU,-19.0595,-169.9187,75.09,94,100,12.66,overcast clouds
167,Belaya Gora,RU,68.5333,146.4167,-54.31,100,76,0.43,broken clouds
168,Waipawa,NZ,-41.4122,175.5153,56.77,97,100,19.44,light rain
169,Isangel,VU,-19.55,169.2667,80.8,66,66,5.79,broken clouds
170,Cap Malheureux,MU,-19.9842,57.6142,81.46,71,11,7.0,light rain
171,Kisangani,CD,0.5167,25.2,71.65,87,100,0.96,overcast clouds
172,Tual,ID,-5.6667,132.75,81.52,75,87,9.46,overcast clouds
173,Ponta Do Sol,PT,32.6667,-17.1,66.83,78,46,3.98,scattered clouds
174,Iqaluit,CA,63.7506,-68.5145,-16.87,76,0,12.66,clear sky
175,Mar Del Plata,AR,-38.0023,-57.5575,71.1,90,0,15.99,clear sky
176,Castro,BR,-24.7911,-50.0119,60.82,98,100,3.44,overcast clouds
177,Camocim,BR,-2.9022,-40.8411,76.19,80,57,9.24,broken clouds
178,Salalah,OM,17.0151,54.0924,68.09,68,0,5.75,clear sky
179,Mujiayingzi,CN,42.1167,118.7833,40.6,29,96,6.73,overcast clouds
180,Trincomalee,LK,8.5711,81.2335,78.31,62,81,11.21,broken clouds
181,San Cristobal,VE,7.7669,-72.225,68.18,98,94,0.98,overcast clouds
182,Broome,US,42.2506,-75.833,32.7,79,100,4.61,overcast clouds
183,Vestmannaeyjar,IS,63.4427,-20.2734,36.34,68,100,4.74,overcast clouds
184,Marsa Matruh,EG,31.3525,27.2453,56.23,73,58,18.9,broken clouds
185,Udachnyy,RU,66.4167,112.4,-39.37,95,100,4.83,overcast clouds
186,Umm Kaddadah,SD,13.6017,26.6876,54.7,38,54,13.49,broken clouds
187,Lengshuitan,CN,26.4111,111.5956,50.67,78,100,1.9,overcast clouds
188,Nuuk,GL,64.1835,-51.7216,3.06,83,81,7.58,broken clouds
189,Santa Rosa,PH,14.3122,121.1114,87.12,62,51,12.33,broken clouds
190,La Paz,BO,-16.5,-68.15,46.38,93,75,9.22,broken clouds
191,Acajutla,SV,13.5928,-89.8275,77.31,72,8,5.26,clear sky
192,Savonlinna,FI,61.8699,28.88,33.85,93,100,12.66,overcast clouds
193,Saldanha,ZA,-33.0117,17.9442,57.25,85,33,8.9,scattered clouds
194,Dauphin,CA,51.1494,-100.0502,17.74,100,100,5.75,mist
195,Sur,OM,22.5667,59.5289,76.95,67,0,8.93,clear sky
196,Nanortalik,GL,60.1432,-45.2371,25.14,82,100,4.65,light snow
197,Mitu,CO,1.1983,-70.1733,72.16,94,94,1.59,overcast clouds
198,Marsabit,KE,2.3284,37.9899,66.18,73,24,14.29,few clouds
199,Chuy,UY,-33.6971,-53.4616,66.69,93,17,4.25,few clouds
200,Necochea,AR,-38.5473,-58.7368,64.24,89,1,12.03,clear sky
201,Mantua,IT,45.1667,10.7833,35.06,84,14,4.0,few clouds
202,Uzhur,RU,55.3036,89.8339,-12.32,80,99,5.86,overcast clouds
203,Lasa,IT,46.6166,10.7002,34.68,75,42,4.32,scattered clouds
204,Igarka,RU,67.4667,86.5833,-29.36,97,100,3.67,overcast clouds
205,Kabinda,CD,-6.1333,24.4833,67.24,94,100,1.3,light rain
206,La Ronge,CA,55.1001,-105.2842,14.25,92,100,1.14,light snow
207,Kahului,US,20.8947,-156.47,75.22,77,20,9.22,few clouds
208,Ostrovnoy,RU,68.0531,39.5131,17.74,91,100,20.54,light snow
209,Porbandar,IN,21.6422,69.6093,75.07,39,0,6.76,clear sky
210,Ahipara,NZ,-35.1667,173.1667,67.93,78,13,16.58,few clouds
211,Zhigalovo,RU,54.8097,105.1578,-0.67,78,99,3.58,overcast clouds
212,Berberati,CF,4.2612,15.7922,61.9,32,43,2.17,scattered clouds
213,Ambunti,PG,-4.2365,142.8448,85.89,70,96,1.21,overcast clouds
214,Atasu,KZ,48.6814,71.6433,-24.93,97,10,1.05,clear sky
215,Kenai,US,60.5544,-151.2583,32.14,83,100,16.11,overcast clouds
216,Ibra,OM,22.6906,58.5334,71.51,45,1,3.11,clear sky
217,Dabat,ET,12.9842,37.765,54.23,57,24,5.75,few clouds
218,South Lake Tahoe,US,38.9332,-119.9844,30.09,93,100,8.05,fog
219,Vila Velha,BR,-20.3297,-40.2925,76.95,93,20,5.99,few clouds
220,Umea,SE,63.8284,20.2597,28.33,93,75,3.44,broken clouds
221,Balabac,PH,7.9868,117.0645,80.47,75,100,4.5,overcast clouds
222,Axim,GH,4.8699,-2.2405,77.09,87,99,1.61,overcast clouds
223,Rock Falls,US,41.7798,-89.689,34.86,92,40,0.0,scattered clouds
224,Tigil,RU,57.8,158.6667,3.15,98,96,3.13,overcast clouds
225,Morondava,MG,-20.2833,44.2833,81.57,75,100,6.69,overcast clouds
226,Port Hardy,CA,50.6996,-127.4199,42.98,93,75,4.61,broken clouds
227,Kaitangata,NZ,-46.2817,169.8464,59.65,57,42,11.48,scattered clouds
228,Lata,PT,40.1629,-8.3327,57.81,98,100,3.69,light rain
229,Port Hedland,AU,-20.3167,118.5667,89.65,62,6,11.5,clear sky
230,Yulara,AU,-25.2406,130.9889,94.75,28,69,6.82,broken clouds
231,Tasiilaq,GL,65.6145,-37.6368,0.09,54,56,4.63,broken clouds
232,Vardo,NO,70.3705,31.1107,22.98,86,100,34.52,overcast clouds
233,Omboue,GA,-1.5746,9.2618,76.35,87,57,4.97,broken clouds
234,Khairagarh,IN,26.95,77.8167,63.9,31,26,3.87,scattered clouds
235,Khatanga,RU,71.9667,102.5,-32.55,98,100,7.0,overcast clouds
236,Wuhan,CN,30.5833,114.2667,53.69,40,0,3.98,clear sky
237,Kauhajoki,FI,62.4333,22.1833,33.12,95,100,7.0,snow
238,Ugoofaaru,MV,5.6667,73.0,79.27,77,65,10.18,broken clouds
239,Margate,GB,51.3813,1.3862,47.1,84,92,5.01,overcast clouds
240,San Policarpo,PH,12.1791,125.5072,76.46,91,100,16.49,moderate rain
241,Ara,IN,25.5667,84.6667,51.69,30,0,5.75,clear sky
242,Lagos,NG,6.5833,3.75,77.32,95,0,2.44,clear sky
243,San Javier,ES,37.8063,-0.8374,55.13,80,0,4.61,clear sky
244,Hay River,CA,60.8156,-115.7999,-10.62,100,41,3.36,scattered clouds
245,Longyearbyen,SJ,78.2186,15.6401,30.04,100,75,5.75,light rain and snow
246,Guerrero Negro,MX,27.9769,-114.0611,60.35,90,1,14.61,clear sky
247,Saint-Pierre,RE,-21.3393,55.4781,83.91,65,0,4.61,clear sky
248,Bonthe,SL,7.5264,-12.505,75.7,90,2,2.04,clear sky
249,Divnoye,RU,45.9089,43.3547,9.79,85,77,22.41,broken clouds
250,Nevers,FR,46.9167,3.3333,49.12,90,100,8.25,overcast clouds
251,Monte Alegre,BR,-2.0078,-54.0692,72.88,93,93,3.53,overcast clouds
252,Leningradskiy,RU,69.3833,178.4167,-19.97,99,60,9.55,broken clouds
253,Pallasovka,RU,50.05,46.8833,-2.18,88,3,7.87,clear sky
254,Seoul,KR,37.5683,126.9778,45.79,39,0,3.44,haze
255,Itarantim,BR,-15.6597,-40.0656,68.99,97,98,0.45,overcast clouds
256,Brae,GB,60.3964,-1.353,44.22,86,97,41.94,overcast clouds
257,Pochutla,MX,15.7432,-96.4661,73.81,80,1,3.94,clear sky
258,Imeni Poliny Osipenko,RU,52.4201,136.4853,-0.53,91,96,5.08,overcast clouds
259,Sarkand,KZ,45.41,79.9186,10.56,96,100,6.42,light snow
260,Sakaiminato,JP,35.55,133.2333,53.53,50,3,6.91,clear sky
261,Broken Hill,AU,-31.95,141.4333,94.35,16,100,13.2,overcast clouds
262,Macusani,PE,-14.0833,-70.4333,36.0,90,100,1.63,overcast clouds
263,Rio Gallegos,AR,-51.6226,-69.2181,55.45,67,0,4.61,clear sky
264,Ewa Beach,US,21.3156,-158.0072,74.57,67,0,9.22,clear sky
265,Wattens,AT,47.2722,11.5993,34.41,85,75,1.14,broken clouds
266,Killarney,IE,52.05,-9.5167,43.99,84,53,19.26,light rain
267,Carinhanha,BR,-14.3047,-43.765,69.4,93,33,3.36,scattered clouds
268,Richards Bay,ZA,-28.783,32.0377,73.4,79,1,7.9,clear sky
269,Ourem,PT,39.6417,-8.5919,55.6,94,100,5.86,light rain
270,Oranjemund,NA,-28.55,16.4333,62.58,85,100,6.58,overcast clouds
271,Opochka,RU,56.7105,28.6617,23.58,91,100,9.91,overcast clouds
272,Fallon,US,39.4735,-118.7774,37.45,70,100,10.36,overcast clouds
273,Kemijarvi,FI,66.7131,27.4306,12.36,97,100,4.16,overcast clouds
274,Chokurdakh,RU,70.6333,147.9167,-50.58,100,78,1.86,broken clouds
275,Northport,US,33.229,-87.5772,51.08,83,69,5.23,broken clouds
276,Jinchang,CN,38.4953,102.1739,37.36,20,86,3.71,overcast clouds
277,Caconda,AO,-13.7333,15.0667,58.35,93,99,2.01,overcast clouds
278,Yumen,CN,40.2833,97.2,30.79,30,100,8.77,overcast clouds
279,Boa Vista,BR,2.8197,-60.6733,76.98,88,75,3.44,broken clouds
280,Bethel,US,41.3712,-73.414,36.75,68,100,1.01,overcast clouds
281,Eenhana,NA,-17.4667,16.3333,70.2,69,100,3.76,overcast clouds
282,Upata,VE,8.0086,-62.3989,72.19,92,32,5.23,scattered clouds
283,Kaeo,NZ,-35.1,173.7833,71.33,79,12,12.71,few clouds
284,Santa Cruz,BO,-17.8,-63.1667,72.86,94,40,8.05,scattered clouds
285,Akyab,MM,20.15,92.9,76.44,49,0,2.19,clear sky
286,Saint-Philippe,RE,-21.3585,55.7679,81.99,77,78,10.22,broken clouds
287,Russellville,US,35.2784,-93.1338,51.98,54,100,3.31,overcast clouds
288,Ngunguru,NZ,-35.6167,174.5,66.72,76,34,20.76,scattered clouds
289,Vao,NC,-22.6667,167.4833,76.24,65,10,13.13,clear sky
290,Ulladulla,AU,-35.35,150.4667,71.94,66,36,10.96,scattered clouds
291,Seymchan,RU,62.8833,152.4333,-39.68,95,100,1.72,overcast clouds
292,Tatahuicapan,MX,18.2333,-94.75,68.14,94,13,4.85,few clouds
293,Bontang,ID,0.1333,117.5,81.32,75,100,5.86,overcast clouds
294,Luorong,CN,24.4058,109.6086,58.39,78,100,4.9,overcast clouds
295,Kuah,MY,6.3265,99.8432,87.78,70,20,4.61,few clouds
296,Coihaique,CL,-45.5752,-72.0662,47.01,100,100,4.61,light rain
297,Savannah Bight,HN,16.45,-85.85,78.24,75,7,10.42,light rain
298,Nouadhibou,MR,20.931,-17.0347,64.38,42,0,11.5,clear sky
299,Digby,CA,44.6169,-65.7655,20.35,76,100,10.71,overcast clouds
300,Tautira,PF,-17.7333,-149.15,76.08,82,100,7.29,light rain
301,Mitsamiouli,KM,-11.3847,43.2844,79.09,78,20,5.75,few clouds
302,Brokopondo,SR,4.75,-55.1667,74.23,91,96,7.92,overcast clouds
303,Manbij,SY,36.5281,37.9549,36.41,59,1,1.77,clear sky
304,Wieliczka,PL,49.9874,20.0647,41.52,91,93,1.54,overcast clouds
305,Luanda,AO,-8.8368,13.2343,77.0,83,75,3.44,broken clouds
306,Henties Bay,NA,-22.116,14.2845,63.45,92,100,6.55,overcast clouds
307,Tazovskiy,RU,67.4667,78.7,-39.95,99,34,6.31,scattered clouds
308,Davila,PH,18.4726,120.5763,84.18,61,32,10.69,scattered clouds
309,Shimanovsk,RU,52.0,127.7,8.56,88,100,3.24,overcast clouds
310,Caravelas,BR,-17.7125,-39.2481,74.73,93,100,4.25,overcast clouds
311,Tiksi,RU,71.6872,128.8694,-40.67,100,94,2.71,overcast clouds
312,Sydney,AU,-33.8679,151.2073,81.9,60,40,10.36,scattered clouds
313,Fare,PF,-16.7,-151.0167,78.62,78,100,5.03,moderate rain
314,Fortuna,US,40.5982,-124.1573,47.93,95,100,11.5,overcast clouds
315,Sayat,TM,38.7839,63.8803,17.08,61,1,9.86,clear sky
316,Nanchital,MX,18.0667,-94.4,70.99,91,4,5.64,clear sky
317,Padang,ID,-0.9492,100.3543,84.25,72,98,4.34,overcast clouds
318,Mezen,RU,65.8522,44.24,12.42,92,100,10.78,light snow
319,Skjervoy,NO,70.0311,20.9714,26.6,67,100,11.77,overcast clouds
320,Yakima,US,46.4665,-120.6678,39.7,89,100,4.99,overcast clouds
321,Svetlaya,RU,46.5389,138.3297,26.85,56,20,2.48,few clouds
322,Nucet,RO,44.7833,25.55,45.55,94,100,21.83,light rain
323,Kimbe,PG,-5.5502,150.1429,86.29,67,59,7.02,light rain
324,Yurty,RU,56.0498,97.6348,-6.29,86,85,7.29,overcast clouds
325,Pokrovka,KG,42.3414,78.0056,15.4,87,100,11.86,overcast clouds
326,Lewistown,US,40.5992,-77.5714,35.19,93,100,0.0,mist
327,Beloha,MG,-25.1667,45.05,79.41,72,0,1.21,clear sky
328,Sayyan,YE,15.1718,44.3244,55.6,61,75,5.79,broken clouds
329,Peruibe,BR,-24.32,-46.9983,71.33,96,100,3.06,overcast clouds
330,Takaka,NZ,-40.85,172.8,66.56,94,100,2.17,light rain
331,Saint-Joseph,RE,-21.3667,55.6167,80.98,75,87,3.94,overcast clouds
332,Ternate,ID,0.8,127.4,82.22,76,97,7.49,overcast clouds
333,Rockport,US,28.0206,-97.0544,69.01,93,0,1.01,clear sky
334,Santa Rosalia,MX,27.3167,-112.2833,62.46,35,41,4.36,scattered clouds
335,Buala,SB,-8.145,159.5921,83.34,73,91,6.17,light rain
336,Mananjary,MG,-21.2167,48.3333,75.33,88,100,8.1,light rain
337,Elizabeth City,US,36.2946,-76.2511,37.42,93,0,0.0,clear sky
338,Holland,US,42.7875,-86.1089,35.06,92,40,8.05,scattered clouds
339,Yakeshi,CN,49.2833,120.7333,15.21,92,75,5.44,broken clouds
340,Truro,GB,50.2653,-5.0544,49.28,76,75,24.16,broken clouds
341,Haripur,PK,34.0,72.9341,52.75,67,100,6.4,overcast clouds
342,Mushie,CD,-3.0167,16.9,70.27,95,100,3.36,overcast clouds
343,Perelyub,RU,51.8667,50.3667,-17.55,93,5,3.33,clear sky
344,Adeje,ES,28.1227,-16.726,65.28,81,20,11.5,few clouds
345,Fairmont,US,39.4851,-80.1426,36.37,92,28,3.06,scattered clouds
346,Morrope,PE,-6.5417,-80.0111,69.91,69,97,10.25,overcast clouds
347,Ulaangom,MN,49.9811,92.0667,4.73,90,94,1.23,overcast clouds
348,Kentau,KZ,43.5206,68.5094,8.49,66,11,3.94,few clouds
349,Kieta,PG,-6.2167,155.6333,82.27,81,91,5.41,light rain
350,Sioux Lookout,CA,50.1001,-91.917,26.67,100,100,5.75,mist
351,Vydrino,RU,51.485,104.8461,15.39,94,100,15.03,snow
352,Xiangfan,CN,32.0422,112.1448,53.92,46,0,5.37,clear sky
353,Bengkulu,ID,-3.8004,102.2655,82.58,68,78,6.93,broken clouds
354,Hervey Bay,AU,-25.2986,152.8535,79.03,62,35,18.7,scattered clouds
355,Mount Gambier,AU,-37.8333,140.7667,80.33,29,100,10.04,overcast clouds
356,Sambava,MG,-14.2667,50.1667,79.74,75,80,2.82,broken clouds
357,Sao Filipe,CV,14.8961,-24.4956,74.48,70,0,11.36,clear sky
358,Vanderhoof,CA,54.0166,-124.0198,22.75,97,100,1.39,overcast clouds
359,Vostok,RU,46.4856,135.8833,19.89,83,95,3.33,overcast clouds
360,Chiajna,RO,44.46,25.9733,48.74,93,100,18.41,mist
361,Bara,NG,10.3744,10.7288,59.14,38,50,6.82,scattered clouds
362,Ratnagiri,IN,16.9833,73.3,82.42,21,24,2.86,few clouds
363,Totness,SR,5.8833,-56.3167,74.34,91,94,8.95,overcast clouds
364,Morehead,US,37.2711,-87.1764,46.99,93,0,0.0,clear sky
365,Alvorada,BR,-12.48,-49.1247,71.06,95,55,2.75,broken clouds
366,Bonfim,BR,3.0833,-59.95,75.6,83,46,5.88,scattered clouds
367,San Joaquin,US,37.9333,-121.3011,50.95,89,86,6.85,overcast clouds
368,Edson,CA,53.5835,-116.4356,23.14,93,100,0.0,mist
369,Katsuura,JP,35.1333,140.3,50.02,53,80,5.5,broken clouds
370,Kamenka,RU,51.3223,42.7678,-0.49,78,6,12.86,clear sky
371,Amarillo,US,35.222,-101.8313,56.03,34,100,5.99,overcast clouds
372,Shitanjing,CN,39.2342,106.3439,34.52,40,10,1.19,clear sky
373,Cockburn Town,TC,21.4612,-71.1419,76.51,76,4,11.92,clear sky
374,Inverness,GB,57.4791,-4.224,42.98,89,75,14.97,moderate rain
375,San Patricio,US,28.017,-97.5169,68.85,90,0,10.02,clear sky
376,Paita,PE,-5.0892,-81.1144,68.22,85,88,5.86,overcast clouds
377,Khani,GE,41.9563,42.9566,31.57,66,8,7.81,clear sky
378,Taltal,CL,-25.4,-70.4833,68.7,75,11,4.63,few clouds
379,Marawi,PH,7.9986,124.2928,69.37,98,100,5.86,overcast clouds
380,Roald,NO,62.5833,6.1333,41.14,81,100,18.41,light rain
381,Cabo San Lucas,MX,22.8909,-109.9124,70.52,68,0,9.84,clear sky
382,Mayo,US,38.8876,-76.5119,39.51,83,0,0.0,clear sky
383,Collie,AU,-33.3667,116.15,88.23,18,0,4.0,clear sky
384,Matagami,CA,49.7502,-77.6328,-16.49,76,0,0.0,clear sky
385,Bonavista,CA,48.6499,-53.1147,25.63,68,87,9.08,overcast clouds
386,Woodstock,CA,43.1334,-80.7497,29.95,90,31,1.01,scattered clouds
387,Haines Junction,CA,60.7522,-137.5108,-7.83,100,100,0.67,overcast clouds
388,Zhezkazgan,KZ,47.8043,67.7144,-18.42,76,20,6.71,few clouds
389,Rafai,CF,4.95,23.9167,66.79,37,72,4.18,broken clouds
390,Bilma,NE,18.6853,12.9164,52.25,36,3,9.91,clear sky
391,Cayenne,GF,4.9333,-52.3333,75.24,100,75,3.44,broken clouds
392,Lokosovo,RU,61.1333,74.8167,-41.04,100,40,2.91,scattered clouds
393,Provideniya,RU,64.3833,-173.3,6.91,61,20,22.37,few clouds
394,Katima Mulilo,NA,-17.5,24.2667,68.29,89,92,4.65,overcast clouds
395,Viedma,AR,-40.8135,-62.9967,70.48,75,100,11.92,overcast clouds
396,Amboasary,MG,-25.0333,46.3833,80.37,70,68,3.29,broken clouds
397,Potsdam,DE,52.3989,13.0657,43.11,83,99,4.0,overcast clouds
398,Kushiro,JP,42.975,144.3747,27.55,63,40,8.05,scattered clouds
399,Half Moon Bay,US,37.4636,-122.4286,55.35,84,100,12.66,mist
400,Cherskiy,RU,68.75,161.3,-27.69,100,100,1.59,overcast clouds
401,Peravurani,IN,10.3,79.1833,79.12,60,13,11.48,few clouds
402,Havelock,US,34.8791,-76.9013,51.75,85,81,2.62,broken clouds
403,Payo,ID,-3.7508,103.6372,91.4,50,90,2.93,overcast clouds
404,Douglas,US,41.3,-96.167,40.98,76,40,1.99,scattered clouds
405,Okhotsk,RU,59.3833,143.3,-18.42,77,71,5.77,broken clouds
406,Willowmore,ZA,-33.2926,23.4895,69.62,54,6,7.14,clear sky
407,Prokuplje,RS,43.2342,21.5881,33.08,99,100,2.01,overcast clouds
408,Maloy,NO,61.9353,5.1136,40.73,44,100,15.5,light rain
409,Colesberg,ZA,-30.72,25.0972,78.89,22,25,6.24,scattered clouds
410,Micheweni,TZ,-4.9667,39.8333,81.03,78,72,6.17,broken clouds
411,Constitucion,CL,-35.3333,-72.4167,56.84,61,0,9.31,clear sky
412,Meadow Lake,US,34.8014,-106.5436,50.68,42,64,11.03,broken clouds
413,Sao Joao Da Barra,BR,-21.6403,-41.0511,74.57,93,97,13.11,overcast clouds
414,Anadyr,RU,64.75,177.4833,-12.5,76,0,6.71,clear sky
415,Pechora,RU,65.1472,57.2244,-0.92,96,100,11.36,overcast clouds
416,Esperance,AU,-33.8667,121.9,71.98,74,9,18.48,clear sky
417,Arandis,NA,-22.4167,14.9667,63.28,75,100,2.51,overcast clouds
418,Sheboygan,US,43.7333,-87.9334,38.68,89,95,6.08,overcast clouds
419,Lima,PE,-12.0432,-77.0282,70.9,78,40,8.05,scattered clouds
420,Srednekolymsk,RU,67.45,153.6833,-28.14,96,100,1.21,overcast clouds
421,Russell,US,32.3502,-85.1999,48.0,76,61,3.02,broken clouds
422,Bereda,ES,43.2686,-7.5406,48.42,100,100,2.66,overcast clouds
423,Araouane,ML,18.9048,-3.5265,58.98,18,65,10.13,broken clouds
424,Okha,RU,53.5739,142.9478,0.28,93,94,6.24,overcast clouds
425,Grindavik,IS,63.8424,-22.4338,32.47,86,75,10.36,broken clouds
426,Saquisili,EC,-0.8333,-78.6667,47.52,94,97,2.37,overcast clouds
427,Turukhansk,RU,65.8167,87.9833,-37.95,95,100,5.75,overcast clouds
428,Lensk,RU,60.7253,114.9278,-8.93,93,100,6.13,overcast clouds
429,Gat,IL,31.61,34.7642,51.4,100,21,5.35,few clouds
430,Yar-Sale,RU,66.8333,70.8333,-37.55,99,58,7.29,broken clouds
431,Tsumeb,NA,-19.2333,17.7167,72.21,65,99,9.66,overcast clouds
432,Andenes,NO,69.3143,16.1194,35.58,80,75,14.97,broken clouds
433,Krasnoselkup,RU,65.7,82.4667,-39.96,98,27,6.89,scattered clouds
434,Honiara,SB,-9.4333,159.95,84.16,74,79,6.42,moderate rain
435,Erzin,TR,36.9559,36.2,46.65,57,20,6.08,few clouds
436,Jardim,BR,-21.4803,-56.1381,66.76,98,74,3.53,broken clouds
437,Sinjai,ID,-5.1241,120.253,86.41,63,85,7.31,overcast clouds
438,Pacific Grove,US,36.6177,-121.9166,55.51,85,35,4.0,scattered clouds
439,Luwuk,ID,-0.9516,122.7875,84.88,69,100,1.63,overcast clouds
440,Kasongo-Lunda,CD,-6.4667,16.8167,68.79,98,100,0.51,overcast clouds
441,Mehran,IR,33.1222,46.1646,48.36,61,0,4.25,clear sky
442,Piacabucu,BR,-10.4056,-36.4344,76.44,86,5,8.21,clear sky
443,Beitbridge,ZW,-22.2167,30.0,75.43,57,3,15.61,clear sky
444,Folldal,NO,62.1325,9.9968,29.3,97,100,12.12,light snow
445,Gushikawa,JP,26.3544,127.8686,71.6,56,75,12.66,broken clouds
446,San Andres,CO,12.5847,-81.7006,80.62,78,20,11.5,light rain
447,High Level,CA,58.5169,-117.136,14.11,100,100,3.44,light snow
448,Nortelandia,BR,-14.4547,-56.8028,70.95,98,100,3.67,light rain
449,Chapais,CA,49.7834,-74.8492,-18.62,100,48,0.81,scattered clouds
450,Zhanaozen,KZ,43.3,52.8,7.88,39,0,14.14,clear sky
451,Kayerkan,RU,69.3497,87.7602,-22.92,98,100,3.85,overcast clouds
452,Hamilton,US,39.1834,-84.5333,41.99,86,77,1.01,broken clouds
453,Emerald,AU,-23.5333,148.1667,89.4,44,68,14.67,light rain
454,Bull Savanna,JM,17.8868,-77.5902,71.04,85,0,4.54,clear sky
455,Gamboma,CG,-1.8764,15.8644,72.88,76,100,3.33,overcast clouds
456,Oda,JP,35.1833,132.5,51.64,48,2,9.1,clear sky
457,Moscow,RU,55.7522,37.6156,12.63,78,100,13.35,overcast clouds
458,Kanniyakumari,IN,8.0833,77.5667,80.08,56,65,18.81,broken clouds
459,Stillwater,US,36.1156,-97.0584,53.89,66,0,0.0,clear sky
460,Qasigiannguit,GL,68.8193,-51.1922,-13.43,98,97,4.5,overcast clouds
461,Yaan,NG,7.3833,8.5667,70.27,27,16,7.27,few clouds
462,Turbat,PK,26.0023,63.044,69.28,78,82,3.29,broken clouds
463,Siyabuswa,ZA,-25.1132,29.0445,74.55,50,4,3.94,clear sky
464,Hailar,CN,49.2,119.7,14.67,91,39,6.4,scattered clouds
465,Opunake,NZ,-39.4556,173.8583,63.12,94,100,29.39,light rain
466,Makakilo City,US,21.3469,-158.0858,72.01,74,4,10.47,clear sky
467,Nioki,CD,-2.7167,17.6833,70.39,94,91,2.93,overcast clouds
468,Garissa,KE,-0.4536,39.6401,77.77,73,7,6.62,clear sky
469,Srandakan,ID,-7.9386,110.2506,84.22,67,92,7.31,overcast clouds
470,Champerico,GT,14.3,-91.9167,76.32,80,30,4.81,scattered clouds
471,Jawhar,SO,2.7809,45.5005,78.17,74,20,14.2,few clouds
472,Monroe,US,43.1501,-77.6831,27.45,81,100,8.05,overcast clouds
473,Dongsheng,CN,39.8161,109.9776,33.55,51,3,11.32,clear sky
474,Mende,FR,44.6667,3.5,32.31,99,100,1.21,overcast clouds
475,Berbera,SO,10.4396,45.0143,76.87,65,58,4.21,broken clouds
476,Thinadhoo,MV,0.5333,72.9333,80.08,79,64,11.83,broken clouds
477,Hambantota,LK,6.1241,81.1185,80.94,69,20,11.5,few clouds
478,Ixtapa,MX,20.7,-105.2,70.23,83,2,1.14,clear sky
479,Antofagasta,CL,-23.65,-70.4,65.48,77,15,5.73,few clouds
480,Potam,MX,27.6,-110.3833,65.14,35,88,7.72,overcast clouds
481,Thai Binh,VN,20.45,106.3333,68.09,84,99,3.62,overcast clouds
482,Vanavara,RU,60.34,102.2797,-20.7,93,100,9.26,overcast clouds
483,Genhe,CN,50.7833,121.5167,18.81,88,80,3.67,broken clouds
484,Atikokan,CA,48.7555,-91.6216,24.31,96,100,5.86,overcast clouds
485,Copacabana,CO,6.3463,-75.5089,59.31,98,100,0.74,overcast clouds
486,Kungurtug,RU,50.5994,97.5228,12.0,92,100,3.49,light snow
487,Isla Mujeres,MX,21.2311,-86.731,76.01,69,9,10.83,clear sky
488,Neuquen,AR,-38.9516,-68.0591,66.09,68,0,12.66,clear sky
489,Tocopilla,CL,-22.092,-70.1979,69.57,73,5,6.55,clear sky
490,Houma,US,29.5958,-90.7195,66.2,96,100,9.22,mist
491,Sanming,CN,26.2486,117.6186,67.55,72,98,2.13,overcast clouds
492,Carutapera,BR,-1.195,-46.02,78.06,82,99,7.54,overcast clouds
493,Kirakira,SB,-10.4544,161.9205,82.11,80,87,6.33,overcast clouds
494,Yinchuan,CN,38.4681,106.2731,35.04,35,14,3.47,few clouds
495,Khash,IR,28.2211,61.2158,46.67,70,49,10.69,scattered clouds
496,Eatonton,US,33.3268,-83.3885,44.92,84,85,4.47,overcast clouds
497,Jiazi,CN,22.8779,116.067,65.57,75,99,17.09,overcast clouds
498,Auki,SB,-8.7676,160.7034,82.2,75,98,6.38,overcast clouds
499,Sumenep,ID,-7.0167,113.8667,84.24,70,96,4.94,overcast clouds
500,Almaznyy,RU,48.0448,40.045,6.82,67,8,20.15,clear sky
501,Beian,NO,63.6559,9.5683,40.01,65,0,21.85,clear sky
502,Ostersund,SE,63.1792,14.6357,29.61,100,75,23.0,heavy snow
503,Gushi,CN,34.6425,109.5843,49.35,38,18,7.36,few clouds
504,Harnosand,SE,62.6323,17.9379,33.8,94,100,16.91,overcast clouds
505,Itaqui,BR,-29.1253,-56.5531,77.2,54,20,11.61,few clouds
506,Owando,CG,-0.4819,15.8999,71.82,79,98,3.09,overcast clouds
507,Buin,CL,-33.7333,-70.75,72.73,73,56,1.7,broken clouds
508,Ituacu,BR,-13.8133,-41.2967,68.68,92,78,2.73,broken clouds
509,Codrington,AU,-38.2667,141.9667,74.97,54,63,12.37,broken clouds
510,Sabang,ID,5.8933,95.3214,79.07,68,97,1.63,overcast clouds
511,Maldonado,UY,-34.6667,-54.9167,65.23,93,6,3.06,clear sky
512,Chandur Bazar,IN,21.2417,77.7456,74.62,23,0,2.21,clear sky
513,Hasaki,JP,35.7333,140.8333,52.21,37,82,3.74,broken clouds
514,Dalbandin,PK,28.8947,64.4101,55.62,57,99,10.31,overcast clouds
515,Nhulunbuy,AU,-12.2333,136.7667,90.21,62,20,19.57,few clouds
516,Salym,RU,60.0625,71.4789,-12.5,98,99,3.02,overcast clouds
517,Abbeville,FR,50.1,1.8333,52.5,88,100,16.22,overcast clouds
518,Asyut,EG,27.181,31.1837,51.17,66,1,2.24,clear sky
519,Pipri,IN,19.8,75.5333,75.2,22,0,2.93,clear sky
520,Eydhafushi,MV,5.1033,73.0708,79.32,77,94,11.25,overcast clouds
521,Ciudad Guayana,VE,8.3533,-62.6528,75.52,89,10,4.5,clear sky
522,Harbour Breton,CA,47.4833,-55.7983,23.18,71,100,5.75,overcast clouds
523,Macroom,IE,51.9,-8.95,41.07,82,23,19.82,few clouds
524,Mehamn,NO,71.0357,27.8492,24.75,80,0,13.8,clear sky
525,Yzeure,FR,46.5644,3.355,49.42,85,100,6.78,overcast clouds
526,Nesterov,RU,54.6306,22.5714,34.14,94,75,7.63,broken clouds
527,Stokmarknes,NO,68.5646,14.9108,37.38,70,75,14.97,light rain
528,Maniitsoq,GL,65.4167,-52.9,8.73,78,45,9.66,scattered clouds
529,Gimli,CA,50.6336,-96.9907,19.42,93,99,3.44,overcast clouds
530,Domoni,KM,-12.2569,44.5319,81.32,76,86,2.19,overcast clouds
531,Manggar,ID,-2.8833,108.2667,84.58,66,94,6.78,overcast clouds
532,Oktyabrskiy,RU,54.4815,53.471,-18.65,100,58,5.35,broken clouds
533,Lander,US,42.833,-108.7307,37.99,91,100,6.91,overcast clouds
534,Dunedin,NZ,-45.8742,170.5036,53.91,83,99,12.01,overcast clouds
535,Nhamunda,BR,-2.1861,-56.7131,72.77,99,100,0.96,overcast clouds
536,Te Anau,NZ,-45.4167,167.7167,64.71,50,71,4.74,broken clouds
537,College,US,64.8569,-147.8028,-2.22,96,100,3.15,overcast clouds
538,Pivijay,CO,10.4617,-74.6162,74.35,91,98,1.41,light rain
539,Pucallpa,PE,-8.3791,-74.5539,76.96,75,93,2.73,overcast clouds
540,Montepuez,MZ,-13.1256,38.9997,72.64,90,98,2.59,overcast clouds
541,Kyabe,TD,9.4515,18.9449,67.01,25,80,5.82,broken clouds
542,Abaza,RU,52.655,90.0928,-5.48,87,62,4.76,broken clouds
543,Xichang,CN,27.8964,102.2634,58.53,44,0,4.59,clear sky
544,Tsukumi,JP,33.0706,131.8572,54.48,52,6,5.75,clear sky
545,Ganzhou,CN,28.8184,115.4327,64.18,52,15,4.43,few clouds
546,Tunceli,TR,39.1083,39.5471,31.01,40,13,4.14,few clouds
547,Tabuk,PH,17.4189,121.4443,78.84,68,67,3.47,broken clouds
548,Uthal,PK,25.8072,66.6219,70.9,68,0,3.47,clear sky
549,Batagay,RU,67.6333,134.6333,-55.08,98,90,1.63,overcast clouds
550,Portoferraio,IT,42.8115,10.3146,52.57,52,2,4.0,clear sky
551,Eyl,SO,7.9803,49.8164,76.39,73,5,15.66,clear sky
552,Kloulklubed,PW,7.0419,134.2556,81.1,78,100,19.22,overcast clouds
553,Raton,US,36.9034,-104.4391,44.94,55,0,10.36,clear sky
554,Pinega,RU,64.7001,43.3936,16.12,92,100,10.58,overcast clouds
555,Omsukchan,RU,62.5333,155.8,-16.62,99,100,3.6,overcast clouds
556,Portland,US,45.5234,-122.6762,48.42,85,97,5.99,overcast clouds
557,Helena,US,46.5927,-112.0361,25.18,88,0,1.99,clear sky
558,Puerto Madryn,AR,-42.7692,-65.0385,64.81,86,99,7.29,light rain
559,Biltine,TD,14.5333,20.9167,59.52,31,35,8.84,scattered clouds
560,Mount Isa,AU,-20.7333,139.5,91.17,52,75,5.75,broken clouds
561,Guaymas,MX,27.9333,-110.9,60.46,32,64,5.97,broken clouds
562,Roviai,GR,38.8167,23.2333,46.11,87,40,3.6,scattered clouds
563,Oksfjord,NO,70.2396,22.3479,32.18,81,100,5.3,overcast clouds
564,Komsomolskiy,UZ,40.4272,71.7189,21.92,63,75,4.61,broken clouds
565,Varfurile,RO,46.3167,22.5167,43.09,90,94,2.48,overcast clouds
566,Bichura,RU,50.5881,107.6022,15.28,91,99,2.48,overcast clouds
567,Uvira,CD,-3.4067,29.1458,70.52,93,100,4.36,moderate rain
568,Awbari,LY,26.5921,12.7805,48.79,44,0,5.57,clear sky
569,Killam,CA,52.7834,-111.8518,10.67,97,100,1.66,overcast clouds
570,Lazaro Cardenas,MX,17.9583,-102.2,72.36,86,0,4.03,clear sky
571,Saint-Louis,SN,16.3333,-15.0,71.56,12,100,10.4,overcast clouds
572,Lenger,KZ,42.183,69.8839,-4.56,91,77,1.57,broken clouds
573,Petropavlovsk-Kamchatskiy,RU,53.0452,158.6483,3.79,56,0,4.47,clear sky
574,Changji,CN,44.0167,87.3167,21.99,93,100,4.47,mist
575,Teya,RU,60.3778,92.6267,-20.99,92,100,6.22,overcast clouds
576,Mumbwa,ZM,-14.9783,27.0619,64.44,96,99,2.77,overcast clouds
577,Severo-Yeniseyskiy,RU,60.3725,93.0408,-24.48,94,100,7.76,overcast clouds
578,Shebunino,RU,46.4339,141.8603,29.98,70,96,8.23,overcast clouds
579,Naryan-Mar,RU,67.6713,53.087,4.84,94,100,14.58,light snow
580,Fuzhou,CN,26.0614,119.3061,66.42,68,86,3.89,overcast clouds
581,Taksimo,RU,56.3444,114.8794,3.65,89,93,1.25,overcast clouds
582,Coquimbo,CL,-29.9533,-71.3436,65.71,81,7,3.8,clear sky
583,Koroni,GR,36.8,21.95,50.07,73,93,13.31,overcast clouds
584,Lindsay,US,36.203,-119.0882,47.95,88,72,6.06,broken clouds
585,Teguise,ES,29.0605,-13.564,59.22,82,0,6.91,clear sky
586,Priargunsk,RU,50.3691,119.1012,7.41,94,91,0.18,overcast clouds
587,Rambha,IN,19.5167,85.1,77.72,38,0,2.46,clear sky
588,Karpogory,RU,64.0019,44.4451,15.6,91,100,10.69,overcast clouds
589,Aswan,EG,24.0934,32.907,54.63,76,0,7.9,clear sky
590,Ilo,PE,-17.6394,-71.3375,69.49,82,65,4.97,broken clouds
591,Northam,GB,51.0333,-4.2167,47.61,87,25,22.48,scattered clouds
592,Belmonte,BR,-15.8631,-38.8828,75.67,88,89,5.35,overcast clouds
593,Melbu,NO,68.5044,14.8297,37.22,70,75,13.8,light snow
594,Surt,LY,31.2089,16.5887,59.43,62,50,21.09,scattered clouds
595,Pevek,RU,69.7008,170.3133,-18.51,100,98,3.67,overcast clouds
596,Dakar,SN,14.6937,-17.4441,74.28,52,83,17.18,broken clouds
597,Sao Gabriel Da Cachoeira,BR,-0.1303,-67.0892,72.07,99,98,1.88,overcast clouds
598,Aleksandrovka,UA,46.8383,32.7612,25.81,74,96,19.8,overcast clouds
599,Christchurch,NZ,-43.5333,172.6333,71.33,60,75,4.61,broken clouds
600,Wajima,JP,37.4,136.9,46.58,59,65,13.2,broken clouds
601,Mago,RU,53.2514,140.1822,0.32,91,78,0.67,broken clouds
602,Casablanca,MA,33.5928,-7.6192,52.02,83,89,7.47,overcast clouds
603,Cotonou,BJ,6.3654,2.4183,76.42,81,1,6.04,clear sky
604,Vitoria Da Conquista,BR,-14.8661,-40.8394,62.92,97,48,2.48,scattered clouds
605,Naze,JP,28.3667,129.4833,62.47,57,92,12.55,overcast clouds
606,Serafimovich,RU,49.5786,42.736,3.76,71,2,14.58,clear sky
607,Ambanja,MG,-13.6833,48.45,79.05,81,93,1.01,overcast clouds
608,New Albany,US,38.2856,-85.8241,42.89,86,75,5.75,broken clouds
609,Vaitape,PF,-16.5167,-151.75,80.71,71,100,14.27,light rain
610,Sault Sainte Marie,CA,46.5168,-84.3333,21.76,63,100,11.5,overcast clouds
611,Badvel,IN,14.75,79.05,75.29,46,1,1.63,clear sky
612,Kaman,IN,27.65,77.2667,63.01,37,49,4.56,scattered clouds
613,Pozo Colorado,PY,-23.4923,-58.7972,77.59,65,91,6.17,overcast clouds
614,Kalmunai,LK,7.4167,81.8167,77.5,68,97,10.07,overcast clouds
615,Dzheyrakh,RU,42.8228,44.6756,7.99,73,23,8.93,few clouds
616,Hobyo,SO,5.3505,48.5268,78.37,70,86,17.38,overcast clouds
617,Terrace Bay,CA,48.7834,-87.1,21.13,95,100,11.14,light snow
618,Wynyard,AU,-41.0,145.7167,66.38,61,20,10.42,few clouds
619,Mackay,AU,-21.15,149.2,81.68,67,52,13.8,broken clouds
620,Siayan,PH,8.2667,123.1,76.42,97,100,3.67,overcast clouds
621,Abu Zabad,SD,12.35,29.25,58.53,31,6,13.51,clear sky
622,Lavrentiya,RU,65.5833,-171.0,-14.76,86,9,11.86,clear sky
623,Jishou,CN,28.3167,109.7167,61.92,41,4,2.51,clear sky
624,Quatre Cocos,MU,-20.2078,57.7625,82.51,74,32,13.11,light rain
625,Phan Thiet,VN,10.9333,108.1,83.03,65,90,10.0,overcast clouds
626,Hurricane,US,37.1753,-113.2899,46.87,85,89,5.86,overcast clouds
627,Luangwa,ZM,-15.6167,30.4167,73.38,89,94,0.49,overcast clouds
628,Mumford,GH,5.2618,-0.759,76.37,89,28,4.25,scattered clouds
629,Lakhisarai,IN,25.1768,86.0932,66.45,27,0,8.5,clear sky
630,Chitungwiza,ZW,-18.0127,31.0756,64.69,86,49,4.94,scattered clouds
631,Dharchula,IN,29.85,80.5333,66.16,16,52,5.97,broken clouds
632,Tieling,CN,42.2931,123.8414,37.42,52,93,18.9,overcast clouds
633,Huarmey,PE,-10.0681,-78.1522,69.3,79,99,5.73,overcast clouds
634,Laurel,US,39.0993,-76.8483,37.65,78,0,1.99,clear sky
635,Inirida,CO,3.8653,-67.9239,72.79,98,94,1.79,light rain
636,Moyamba,SL,8.1667,-12.4333,69.28,98,4,1.41,clear sky
637,Penarroya-Pueblonuevo,ES,38.3,-5.2667,47.44,90,73,0.96,broken clouds
638,Ushtobe,KZ,45.2514,77.9838,10.13,73,100,14.09,overcast clouds
639,Hirara,JP,24.8,125.2833,70.83,61,44,14.29,scattered clouds
640,Kununurra,AU,-15.7667,128.7333,96.78,46,84,4.61,broken clouds
641,Port-Cartier,CA,50.0334,-66.8654,4.75,87,38,7.81,scattered clouds
642,Khor,RU,47.8861,134.9464,14.79,86,100,4.65,overcast clouds
643,Eureka,US,40.8021,-124.1637,48.81,93,29,7.0,scattered clouds
644,Sabha,LY,27.0377,14.4283,49.57,51,0,7.61,clear sky
645,Iranshahr,IR,27.2025,60.6848,59.77,53,97,9.82,overcast clouds
646,Faya,SA,18.3851,42.4509,52.32,68,1,3.33,clear sky
647,Linjiang,CN,41.8069,126.9078,31.98,60,100,2.51,overcast clouds
648,Tsabong,BW,-26.0217,22.401,81.28,27,59,7.85,broken clouds
649,Namatanai,PG,-3.6667,152.4333,83.52,72,96,3.36,overcast clouds
650,Narsaq,GL,60.9167,-46.05,23.22,69,100,8.7,overcast clouds
651,Pundaguitan,PH,6.3711,126.1689,80.31,76,100,3.06,light rain
652,Mostovskoy,RU,44.4122,40.7936,18.77,80,9,7.2,clear sky
653,Canarana,BR,-11.6847,-41.7689,65.19,93,27,4.68,scattered clouds
654,Riyadh,SA,24.6877,46.7219,48.34,71,45,10.2,scattered clouds
655,Zaozerne,UA,45.1582,33.2787,33.28,76,99,19.04,overcast clouds
656,Krasnoarmeysk,RU,51.0239,45.6969,-10.52,94,5,4.72,clear sky
657,Bandarbeyla,SO,9.4942,50.8122,76.78,67,5,14.61,clear sky
658,Batemans Bay,AU,-35.7167,150.1833,72.1,64,41,10.47,scattered clouds
659,Shenjiamen,CN,29.9576,122.298,57.11,82,78,6.2,broken clouds
660,Chilca,PE,-12.5211,-76.7372,68.76,80,100,6.67,overcast clouds
661,Dwarka,IN,22.2394,68.9678,73.94,52,0,6.89,clear sky
662,Mahibadhoo,MV,3.7833,72.9667,80.26,75,98,12.19,overcast clouds
